"","ID","Description","GeneRatio","BgRatio","pvalue","p.adjust","qvalue","geneID","Count"
"GO:0044798","GO:0044798","nuclear transcription factor complex","2/3","204/21319",0.000271632596725858,0.00108653038690343,0.000285929049185114,"Pou5f1/Sox2",2
"GO:0005667","GO:0005667","transcription factor complex","2/3","423/21319",0.00116279925338773,0.00232559850677547,0.000611999607046175,"Pou5f1/Sox2",2
"GO:0017053","GO:0017053","transcriptional repressor complex","1/3","83/21319",0.0116348529933821,0.0155131373245094,0.00408240455908143,"Pou5f1",1
"GO:0000790","GO:0000790","nuclear chromatin","1/3","402/21319",0.0555118230523318,0.0555118230523318,0.0146083744874557,"Pou5f1",1
