"","ID","Description","GeneRatio","BgRatio","pvalue","p.adjust","qvalue","geneID","Count"
"GO:0005667","GO:0005667","transcription factor complex","2/2","423/21319",0.000392771105301404,0.00117831331590421,NA,"Gata6/Nr6a1",2
"GO:0031965","GO:0031965","nuclear membrane","1/2","242/21319",0.0225744260934604,0.0338616391401906,NA,"Gata6",1
"GO:0005635","GO:0005635","nuclear envelope","1/2","416/21319",0.038646356739623,0.038646356739623,NA,"Gata6",1
