"","ID","Description","GeneRatio","BgRatio","pvalue","p.adjust","qvalue","geneID","Count"
"GO:0035098","GO:0035098","ESC/E(Z) complex","1/7","16/21319",0.00524245221154063,0.0314547132692438,0.0110367414979803,"Jarid2",1
"GO:0031519","GO:0031519","PcG protein complex","1/7","47/21319",0.015332695163077,0.045998085489231,0.0161396791190284,"Jarid2",1
"GO:0035097","GO:0035097","histone methyltransferase complex","1/7","96/21319",0.0311028557598757,0.0581215406720222,0.0203935230428148,"Jarid2",1
"GO:0034708","GO:0034708","methyltransferase complex","1/7","120/21319",0.0387476937813481,0.0581215406720222,0.0203935230428148,"Jarid2",1
"GO:0044798","GO:0044798","nuclear transcription factor complex","1/7","204/21319",0.0650989248158164,0.0781187097789796,0.0274100736066595,"Sox2",1
"GO:0005667","GO:0005667","transcription factor complex","1/7","423/21319",0.130908207987155,0.130908207987155,0.0459327045568963,"Sox2",1
