"","ID","Description","GeneRatio","BgRatio","pvalue","p.adjust","qvalue","geneID","Count"
"GO:0035098","GO:0035098","ESC/E(Z) complex","1/7","16/21319",0.00524245221154063,0.0366971654807844,0.0165551122469704,"Jarid2",1
"GO:0031519","GO:0031519","PcG protein complex","1/7","47/21319",0.015332695163077,0.0536644330707695,0.0242095186785426,"Jarid2",1
"GO:0035097","GO:0035097","histone methyltransferase complex","1/7","96/21319",0.0311028557598757,0.0678084641173592,0.0305902845642222,"Jarid2",1
"GO:0034708","GO:0034708","methyltransferase complex","1/7","120/21319",0.0387476937813481,0.0678084641173592,0.0305902845642222,"Jarid2",1
"GO:0044798","GO:0044798","nuclear transcription factor complex","1/7","204/21319",0.0650989248158164,0.0911384947421429,0.0411151104099893,"Sox2",1
"GO:0000790","GO:0000790","nuclear chromatin","1/7","402/21319",0.124774939766943,0.130908207987155,0.0590563344302953,"Klf2",1
"GO:0005667","GO:0005667","transcription factor complex","1/7","423/21319",0.130908207987155,0.130908207987155,0.0590563344302953,"Sox2",1
