"","ID","Description","GeneRatio","BgRatio","pvalue","p.adjust","qvalue","geneID","Count"
"GO:0005720","GO:0005720","nuclear heterochromatin","1/3","43/21319",0.00603902676106649,0.0362341605663989,0.0127137405496137,"Dnmt3b",1
"GO:0000792","GO:0000792","heterochromatin","1/3","95/21319",0.0133094958969403,0.0399284876908209,0.0140099956809898,"Dnmt3b",1
"GO:0000775","GO:0000775","chromosome, centromeric region","1/3","194/21319",0.0270531803050771,0.0541063606101542,0.0189846879333874,"Dnmt3b",1
"GO:0098687","GO:0098687","chromosomal region","1/3","307/21319",0.0425837494534285,0.0583538116500605,0.0204750216316002,"Dnmt3b",1
"GO:0000790","GO:0000790","nuclear chromatin","1/3","402/21319",0.0555118230523318,0.0583538116500605,0.0204750216316002,"Dnmt3b",1
"GO:0005667","GO:0005667","transcription factor complex","1/3","423/21319",0.0583538116500605,0.0583538116500605,0.0204750216316002,"Pitx2",1
