"","ID","Description","GeneRatio","BgRatio","pvalue","p.adjust","qvalue","geneID","Count"
"GO:0005667","GO:0005667","transcription factor complex","3/5","423/21319",7.52957283597546e-05,0.000602365826878036,0.000317034645725282,"Gata6/Smad6/Pitx2",3
"GO:0005720","GO:0005720","nuclear heterochromatin","1/5","43/21319",0.0100452392922915,0.040180957169166,0.0211478721942979,"Dnmt3b",1
"GO:0000792","GO:0000792","heterochromatin","1/5","95/21319",0.0220849611838089,0.0588932298234903,0.0309964367492054,"Dnmt3b",1
"GO:0000775","GO:0000775","chromosome, centromeric region","1/5","194/21319",0.0446828615031104,0.088780763856996,0.0467267178194716,"Dnmt3b",1
"GO:0031965","GO:0031965","nuclear membrane","1/5","242/21319",0.0554879774106225,0.088780763856996,0.0467267178194716,"Gata6",1
"GO:0098687","GO:0098687","chromosomal region","1/5","307/21319",0.069963836674535,0.0932851155660466,0.0490974292452877,"Dnmt3b",1
"GO:0000790","GO:0000790","nuclear chromatin","1/5","402/21319",0.0908010648614817,0.0938399737462876,0.0493894598664672,"Dnmt3b",1
"GO:0005635","GO:0005635","nuclear envelope","1/5","416/21319",0.0938399737462876,0.0938399737462876,0.0493894598664672,"Gata6",1
